{
  "timestamp": "2026-02-17T20:08:37.489342+00:00",
  "results_dir": "/Users/armanajabkhani/code/benchmarks/benchmark-mcp-servers/benchmark/results/20260217_203921",
  "config": {
    "vus": 50,
    "duration": "5m",
    "cpu_limit": "1.0",
    "memory_limit": "1G"
  },
  "servers": {
    "python": {
      "http": {
        "total_requests": 5775,
        "failed_requests": 0,
        "rps": 17.886340011964677,
        "latency": {
          "avg": 539.7083007792194,
          "min": 1.503,
          "max": 10038.881,
          "p90": 15.717,
          "p95": 10009.423999999999
        }
      },
      "mcp": {
        "total_mcp_requests": 3850,
        "mcp_errors": 0,
        "error_rate": 0
      },
      "tools": {
        "calculate_fibonacci": {
          "avg": 4.760599999999998,
          "min": 2.369,
          "max": 38.845,
          "p90": 8.246,
          "p95": 11.5078
        },
        "fetch_external_data": {
          "avg": 8028.50711948052,
          "min": 29.274,
          "max": 10038.881,
          "p90": 10015.3608,
          "p95": 10017.2254
        },
        "process_json_data": {
          "avg": 4.953522077922079,
          "min": 2.466,
          "max": 20.264,
          "p90": 9.677600000000002,
          "p95": 13.239199999999999
        },
        "simulate_database_query": {
          "avg": 15.555581818181812,
          "min": 12.38,
          "max": 54.812,
          "p90": 19.639200000000002,
          "p95": 24.723399999999998
        },
        "_initialize": {
          "avg": 4.459538961038963,
          "min": 1.847,
          "max": 68.064,
          "p90": 8.113700000000001,
          "p95": 11.552799999999996
        },
        "_tools_list": {
          "avg": 4.541041558441558,
          "min": 2.36,
          "max": 30.045,
          "p90": 7.314800000000001,
          "p95": 10.782399999999994
        }
      },
      "resources": {
        "cpu": {
          "avg": 5.94,
          "max": 76.84,
          "min": 0.07
        },
        "memory_mb": {
          "avg": 63.36,
          "max": 64.84,
          "min": 54.01
        }
      }
    },
    "go": {
      "http": {
        "total_requests": 3720,
        "failed_requests": 372,
        "rps": 11.234303673260642,
        "latency": {
          "avg": 851.3720776881725,
          "min": 0.308,
          "max": 15011.206,
          "p90": 212.97290000016392,
          "p95": 2656.969149997854
        }
      },
      "mcp": {
        "total_mcp_requests": 1860,
        "mcp_errors": 186,
        "error_rate": 0.25
      },
      "tools": {
        "calculate_fibonacci": {
          "avg": 0.7320053763440855,
          "min": 0.501,
          "max": 3.088,
          "p90": 0.862,
          "p95": 1.0012499999999998
        },
        "fetch_external_data": {
          "avg": 15001.770526881708,
          "min": 15000.208,
          "max": 15011.206,
          "p90": 15002.565,
          "p95": 15002.77575
        },
        "process_json_data": {
          "avg": 0.7683118279569892,
          "min": 0.486,
          "max": 2.103,
          "p90": 0.9275000000000001,
          "p95": 1.09775
        },
        "simulate_database_query": {
          "avg": 11.662435483870974,
          "min": 10.846,
          "max": 14.462,
          "p90": 12.342,
          "p95": 13.03225
        },
        "_initialize": {
          "avg": 0.9536034946236548,
          "min": 0.409,
          "max": 6.469,
          "p90": 1.3307,
          "p95": 1.59985
        },
        "_tools_list": {
          "avg": 0.9010215053763438,
          "min": 0.565,
          "max": 8.443,
          "p90": 1.024,
          "p95": 1.3607499999999997
        }
      },
      "resources": {
        "cpu": {
          "avg": 0.41,
          "max": 1.69,
          "min": 0.0
        },
        "memory_mb": {
          "avg": 12.97,
          "max": 21.64,
          "min": 2.15
        }
      }
    },
    "nodejs": {
      "http": {
        "total_requests": 3150,
        "failed_requests": 210,
        "rps": 9.451988216269305,
        "latency": {
          "avg": 1002.7023180952375,
          "min": 1.011,
          "max": 15012.101,
          "p90": 12.867700000000001,
          "p95": 15001.0653
        }
      },
      "mcp": {
        "total_mcp_requests": 2100,
        "mcp_errors": 210,
        "error_rate": 0.25
      },
      "tools": {
        "calculate_fibonacci": {
          "avg": 2.052714285714284,
          "min": 1.296,
          "max": 9.452,
          "p90": 2.6155000000000004,
          "p95": 3.1231499999999985
        },
        "fetch_external_data": {
          "avg": 15001.734709523802,
          "min": 15000.186,
          "max": 15012.101,
          "p90": 15002.364099999999,
          "p95": 15002.551
        },
        "process_json_data": {
          "avg": 2.0542333333333334,
          "min": 1.371,
          "max": 10.576,
          "p90": 2.6676,
          "p95": 3.00885
        },
        "simulate_database_query": {
          "avg": 13.222861904761908,
          "min": 11.065,
          "max": 17.99,
          "p90": 15.7408,
          "p95": 16.60365
        },
        "_initialize": {
          "avg": 2.156989285714285,
          "min": 1.181,
          "max": 12.043,
          "p90": 2.9202,
          "p95": 3.3893999999999993
        },
        "_tools_list": {
          "avg": 2.2740380952380956,
          "min": 1.359,
          "max": 26.284,
          "p90": 3.0566,
          "p95": 3.565549999999998
        }
      },
      "resources": {
        "cpu": {
          "avg": 3.2,
          "max": 15.91,
          "min": 0.02
        },
        "memory_mb": {
          "avg": 65.96,
          "max": 86.58,
          "min": 34.43
        }
      }
    },
    "java": {
      "http": {
        "total_requests": 3905,
        "failed_requests": 235,
        "rps": 11.157090865099427,
        "latency": {
          "avg": 845.6068568501918,
          "min": 0.492,
          "max": 15011.773,
          "p90": 11.3846,
          "p95": 15000.5178
        }
      },
      "mcp": {
        "total_mcp_requests": 1955,
        "mcp_errors": 205,
        "error_rate": 0.2611464968152866
      },
      "tools": {
        "calculate_fibonacci": {
          "avg": 1.469275,
          "min": 0.859,
          "max": 28.818,
          "p90": 1.8527000000000002,
          "p95": 2.2164499999999996
        },
        "fetch_external_data": {
          "avg": 15001.733210000008,
          "min": 15000.269,
          "max": 15011.773,
          "p90": 15002.3989,
          "p95": 15002.6088
        },
        "process_json_data": {
          "avg": 386.3793384615385,
          "min": 0.903,
          "max": 15001.841,
          "p90": 2.0112,
          "p95": 2.5860999999999974
        },
        "simulate_database_query": {
          "avg": 12.253778947368424,
          "min": 11.047,
          "max": 23.736,
          "p90": 13.8359,
          "p95": 14.790799999999999
        },
        "_initialize": {
          "avg": 97.08110700636942,
          "min": 0.681,
          "max": 15001.991,
          "p90": 2.0764,
          "p95": 2.6233999999999966
        },
        "_tools_list": {
          "avg": 1.1785631578947378,
          "min": 0.765,
          "max": 6.282,
          "p90": 1.5366,
          "p95": 1.6711499999999995
        }
      },
      "resources": {
        "cpu": {
          "avg": 1.69,
          "max": 8.53,
          "min": 0.06
        },
        "memory_mb": {
          "avg": 196.64,
          "max": 230.84,
          "min": 143.48
        }
      }
    },
    "rust": {
      "http": {
        "total_requests": 4200,
        "failed_requests": 210,
        "rps": 12.607701893794497,
        "latency": {
          "avg": 751.6814802380961,
          "min": 0.347,
          "max": 15008.513,
          "p90": 11.8893,
          "p95": 796.5693999972119
        }
      },
      "mcp": {
        "total_mcp_requests": 2100,