{
  "timestamp": "2026-02-17T21:03:47.152705+00:00",
  "results_dir": "/Users/armanajabkhani/code/benchmarks/benchmark-mcp-servers/benchmark/results/20260217_213458",
  "config": {
    "vus": 50,
    "duration": "5m",
    "cpu_limit": "1.0",
    "memory_limit": "1G"
  },
  "servers": {
    "python": {
      "http": {
        "total_requests": 4665,
        "failed_requests": 0,
        "rps": 14.24809952113955,
        "latency": {
          "avg": 670.5113479099674,
          "min": 1.454,
          "max": 10026.686,
          "p90": 13.523,
          "p95": 10009.183799999999
        }
      },
      "mcp": {
        "total_mcp_requests": 3110,
        "mcp_errors": 0,
        "error_rate": 0
      },
      "tools": {
        "calculate_fibonacci": {
          "avg": 3.2531897106109327,
          "min": 2.355,
          "max": 19.427,
          "p90": 3.721,
          "p95": 4.648
        },
        "fetch_external_data": {
          "avg": 10010.22959485531,
          "min": 10007.56,
          "max": 10026.686,
          "p90": 10011.774,
          "p95": 10013.449
        },
        "process_json_data": {
          "avg": 3.3328971061093253,
          "min": 2.393,
          "max": 22.766,
          "p90": 3.696,
          "p95": 4.236999999999998
        },
        "simulate_database_query": {
          "avg": 13.81988745980707,
          "min": 12.175,
          "max": 32.784,
          "p90": 14.472,
          "p95": 15.081999999999999
        },
        "_initialize": {
          "avg": 2.687272508038588,
          "min": 1.696,
          "max": 43.164,
          "p90": 3.2143,
          "p95": 3.800599999999999
        },
        "_tools_list": {
          "avg": 3.144543408360128,
          "min": 2.464,
          "max": 18.935,
          "p90": 3.51,
          "p95": 3.8719999999999994
        }
      },
      "resources": {
        "cpu": {
          "avg": 4.43,
          "max": 10.0,
          "min": 0.1
        },
        "memory_mb": {
          "avg": 63.34,
          "max": 63.86,
          "min": 52.64
        }
      }
    },
    "go": {
      "http": {
        "total_requests": 3720,
        "failed_requests": 372,
        "rps": 11.233946124760594,
        "latency": {
          "avg": 851.3954459677394,
          "min": 0.369,
          "max": 15005.446,
          "p90": 216.13130000016318,
          "p95": 2655.809349997854
        }
      },
      "mcp": {
        "total_mcp_requests": 1860,
        "mcp_errors": 186,
        "error_rate": 0.25
      },
      "tools": {
        "calculate_fibonacci": {
          "avg": 0.8665053763440856,
          "min": 0.476,
          "max": 5.7,
          "p90": 1.0515,
          "p95": 1.360249999999999
        },
        "fetch_external_data": {
          "avg": 15001.232801075268,
          "min": 15000.306,
          "max": 15005.446,
          "p90": 15001.621000000001,
          "p95": 15002.2315
        },
        "process_json_data": {
          "avg": 0.8371344086021504,
          "min": 0.532,
          "max": 6.756,
          "p90": 1.0405,
          "p95": 1.2225000000000001
        },
        "simulate_database_query": {
          "avg": 11.71596774193548,
          "min": 10.807,
          "max": 18.511,
          "p90": 12.1835,
          "p95": 12.597
        },
        "_initialize": {
          "avg": 1.0596922043010748,
          "min": 0.459,
          "max": 11.448,
          "p90": 1.3317,
          "p95": 1.7596499999999997
        },
        "_tools_list": {
          "avg": 0.8799731182795704,
          "min": 0.618,
          "max": 3.592,
          "p90": 1.0970000000000002,
          "p95": 1.327
        }
      },
      "resources": {
        "cpu": {
          "avg": 0.46,
          "max": 1.79,
          "min": 0.0
        },
        "memory_mb": {
          "avg": 7.75,
          "max": 8.49,
          "min": 2.25
        }
      }
    },
    "nodejs": {
      "http": {
        "total_requests": 4515,
        "failed_requests": 0,
        "rps": 13.778130991617854,
        "latency": {
          "avg": 692.728091472869,
          "min": 1.087,
          "max": 10516.974,
          "p90": 13.026200000000001,
          "p95": 10347.4771
        }
      },
      "mcp": {
        "total_mcp_requests": 3010,
        "mcp_errors": 0,
        "error_rate": 0
      },
      "tools": {
        "calculate_fibonacci": {
          "avg": 2.1668571428571415,
          "min": 1.22,
          "max": 9.792,
          "p90": 2.997,
          "p95": 4.072
        },
        "fetch_external_data": {
          "avg": 10349.185966777406,
          "min": 10019.112,
          "max": 10516.974,
          "p90": 10360.931,
          "p95": 10363.227
        },
        "process_json_data": {
          "avg": 2.258764119601329,
          "min": 1.341,
          "max": 7.816,
          "p90": 3.339,
          "p95": 4.029
        },
        "simulate_database_query": {
          "avg": 13.338036544850494,
          "min": 10.806,
          "max": 26.157,
          "p90": 14.816,
          "p95": 15.663
        },
        "_initialize": {
          "avg": 2.3874908637873786,
          "min": 1.131,
          "max": 19.236,
          "p90": 3.3480000000000008,
          "p95": 4.393049999999997
        },
        "_tools_list": {
          "avg": 2.377960132890365,
          "min": 1.389,
          "max": 9.225,
          "p90": 3.225,
          "p95": 4.456
        }
      },
      "resources": {
        "cpu": {
          "avg": 3.82,
          "max": 7.91,
          "min": 0.0
        },
        "memory_mb": {
          "avg": 50.82,
          "max": 53.69,
          "min": 34.02
        }
      }
    },
    "java": {
      "http": {
        "total_requests": 4200,
        "failed_requests": 210,
        "rps": 12.60076040548743,
        "latency": {
          "avg": 752.029301428573,
          "min": 0.513,
          "max": 15009.946,
          "p90": 11.244600000000002,
          "p95": 801.2372499972138
        }
      },
      "mcp": {
        "total_mcp_requests": 2100,
        "mcp_errors": 210,
        "error_rate": 0.25
      },
      "tools": {
        "calculate_fibonacci": {
          "avg": 1.8716904761904765,
          "min": 0.812,
          "max": 35.596,
          "p90": 2.4555000000000002,
          "p95": 2.9332999999999996
        },
        "fetch_external_data": {
          "avg": 15001.435861904773,
          "min": 14996.199,
          "max": 15009.946,
          "p90": 15002.313,
          "p95": 15002.80025
        },
        "process_json_data": {
          "avg": 1.6511571428571428,
          "min": 0.931,
          "max": 9.706,
          "p90": 2.4048,
          "p95": 2.92775
        },
        "simulate_database_query": {
          "avg": 12.4749,
          "min": 11.102,
          "max": 23.423,
          "p90": 13.513300000000001,
          "p95": 14.103399999999999
        },
        "_initialize": {
          "avg": 1.8544714285714283,
          "min": 0.688,
          "max": 13.173,
          "p90": 2.742200000000001,
          "p95": 3.482
        },
        "_tools_list": {
          "avg": 1.475538095238095,
          "min": 0.707,
          "max": 7.385,
          "p90": 2.0200000000000014,
          "p95": 2.6430999999999996
        }
      },
      "resources": {
        "cpu": {
          "avg": 2.14,
          "max": 9.62,
          "min": 0.06
        },
        "memory_mb": {
          "avg": 186.62,
          "max": 203.23,
          "min": 149.48
        }
      }
    },
    "rust": {
      "http": {
        "total_requests": 4200,
        "failed_requests": 210,
        "rps": 12.60374340001601,
        "latency": {
          "avg": 751.855263809525,
          "min": 0.366,
          "max": 15008.055,
          "p90": 12.0031,
          "p95": 800.1704999972127
        }
      },
      "mcp": {
        "total_mcp_requests": 2100,
        "mcp_errors": 210,
        "error_rate": 0.25
      },