{
  "timestamp": "2026-02-18T05:27:11.971239+00:00",
  "results_dir": "/Users/armanajabkhani/code/benchmarks/benchmark-mcp-servers/benchmark/results/20260218_055856",
  "config": {
    "vus": 10,
    "duration": "5m",
    "cpu_limit": "1.0",
    "memory_limit": "1G"
  },
  "servers": {
    "python": {
      "http": {
        "total_requests": 81555,
        "failed_requests": 0,
        "rps": 254.85554659183603,
        "latency": {
          "avg": 31.165433511127564,
          "min": 1.802,
          "max": 590.422,
          "p90": 86.895,
          "p95": 96.4776
        }
      },
      "mcp": {
        "total_mcp_requests": 54370,
        "mcp_errors": 0,
        "error_rate": 0
      },
      "tools": {
        "calculate_fibonacci": {
          "avg": 31.609751149531114,
          "min": 2.802,
          "max": 200.33,
          "p90": 83.7758,
          "p95": 89.76499999999999
        },
        "fetch_external_data": {
          "avg": 100.9568798970019,
          "min": 13.422,
          "max": 590.422,
          "p90": 187.08360000000002,
          "p95": 196.3746
        },
        "process_json_data": {
          "avg": 33.350897185948185,
          "min": 3.014,
          "max": 198.443,
          "p90": 86.17980000000001,
          "p95": 92.9678
        },
        "simulate_database_query": {
          "avg": 56.01387603457803,
          "min": 12.55,
          "max": 201.123,
          "p90": 96.9554,
          "p95": 102.35839999999999
        },
        "_initialize": {
          "avg": 27.663515587640195,
          "min": 2.11,
          "max": 201.707,
          "p90": 82.399,
          "p95": 89.55429999999998
        },
        "_tools_list": {
          "avg": 28.899013610446975,
          "min": 2.85,
          "max": 188.194,
          "p90": 83.667,
          "p95": 88.9648
        }
      },
      "resources": {
        "cpu": {
          "avg": 98.29,
          "max": 107.48,
          "min": 1.72
        },
        "memory_mb": {
          "avg": 260.92,
          "max": 266.84,
          "min": 226.62
        }
      }
    },
    "go": {
      "http": {
        "total_requests": 445140,
        "failed_requests": 0,
        "rps": 1390.911342709831,
        "latency": {
          "avg": 1.7738166172439929,
          "min": 0.241,
          "max": 329.844,
          "p90": 3.436,
          "p95": 10.741
        }
      },
      "mcp": {
        "total_mcp_requests": 222570,
        "mcp_errors": 0,
        "error_rate": 0
      },
      "tools": {
        "calculate_fibonacci": {
          "avg": 1.1304797142471958,
          "min": 0.401,
          "max": 28.121,
          "p90": 1.896,
          "p95": 2.759799999999996
        },
        "fetch_external_data": {
          "avg": 5.094220425034805,
          "min": 1.508,
          "max": 329.844,
          "p90": 6.848,
          "p95": 8.978399999999997
        },
        "process_json_data": {
          "avg": 1.139783034550933,
          "min": 0.398,
          "max": 15.191,
          "p90": 1.88,
          "p95": 2.628199999999999
        },
        "simulate_database_query": {
          "avg": 11.75899074448488,
          "min": 10.483,
          "max": 46.914,
          "p90": 12.931,
          "p95": 13.9412
        },
        "_initialize": {
          "avg": 1.1292756997798359,
          "min": 0.33,
          "max": 43.387,
          "p90": 1.882,
          "p95": 2.6946499999999958
        },
        "_tools_list": {
          "avg": 1.307853708945502,
          "min": 0.533,
          "max": 18.263,
          "p90": 2.151,
          "p95": 2.967199999999999
        }
      },
      "resources": {
        "cpu": {
          "avg": 31.65,
          "max": 43.8,
          "min": 2.11
        },
        "memory_mb": {
          "avg": 8.61,
          "max": 9.17,
          "min": 3.91
        }
      }
    },
    "nodejs": {
      "http": {
        "total_requests": 146460,
        "failed_requests": 0,
        "rps": 457.66310655642053,
        "latency": {
          "avg": 14.276729741908863,
          "min": 0.981,
          "max": 161.44,
          "p90": 48.69250000000002,
          "p95": 57.56319999999997
        }
      },
      "mcp": {
        "total_mcp_requests": 97640,
        "mcp_errors": 0,
        "error_rate": 0
      },
      "tools": {
        "calculate_fibonacci": {
          "avg": 10.537825686194145,
          "min": 1.165,
          "max": 84.754,
          "p90": 18.6807,
          "p95": 52.26924999999999
        },
        "fetch_external_data": {
          "avg": 26.113876792298175,
          "min": 2.298,
          "max": 161.44,
          "p90": 62.5268,
          "p95": 68.25319999999998
        },
        "process_json_data": {
          "avg": 10.91871579270792,
          "min": 1.167,
          "max": 123.941,
          "p90": 38.18730000000001,
          "p95": 51.1367
        },
        "simulate_database_query": {
          "avg": 29.966951863990136,
          "min": 10.338,
          "max": 94.661,
          "p90": 63.2887,
          "p95": 68.3638
        },
        "_initialize": {
          "avg": 13.006381145022564,
          "min": 1.016,
          "max": 125.564,
          "p90": 46.504,
          "p95": 55.24225
        },
        "_tools_list": {
          "avg": 11.213483101188036,
          "min": 1.378,
          "max": 122.745,
          "p90": 40.48500000000002,
          "p95": 52.146799999999985
        }
      },
      "resources": {
        "cpu": {
          "avg": 97.9,
          "max": 106.06,
          "min": 0.0
        },
        "memory_mb": {
          "avg": 57.12,
          "max": 60.45,
          "min": 38.66
        }
      }
    },
    "java": {
      "http": {
        "total_requests": 445340,
        "failed_requests": 0,
        "rps": 1391.2588879181046,
        "latency": {
          "avg": 1.7763298625769233,
          "min": 0.309,
          "max": 174.247,
          "p90": 3.018,
          "p95": 10.719
        }
      },
      "mcp": {
        "total_mcp_requests": 222670,
        "mcp_errors": 0,
        "error_rate": 0
      },
      "tools": {
        "calculate_fibonacci": {
          "avg": 1.2413362374814747,
          "min": 0.441,
          "max": 59.751,
          "p90": 2.1254000000000004,
          "p95": 2.993
        },
        "fetch_external_data": {
          "avg": 3.4156055597970054,
          "min": 0.946,
          "max": 174.247,
          "p90": 4.636200000000004,
          "p95": 6.7163999999999975
        },
        "process_json_data": {
          "avg": 1.212774150087577,
          "min": 0.419,
          "max": 51.884,
          "p90": 2.0234000000000005,
          "p95": 2.836699999999999
        },
        "simulate_database_query": {
          "avg": 11.556249023218262,
          "min": 10.515,
          "max": 68.009,
          "p90": 12.706,
          "p95": 13.691
        },
        "_initialize": {
          "avg": 1.323024823730188,
          "min": 0.405,
          "max": 46.097,
          "p90": 2.221,
          "p95": 3.065
        },
        "_tools_list": {
          "avg": 1.0856681636502457,
          "min": 0.437,
          "max": 48.551,
          "p90": 1.7564000000000004,
          "p95": 2.423699999999999
        }
      },
      "resources": {
        "cpu": {
          "avg": 30.78,
          "max": 95.66,
          "min": 0.34
        },
        "memory_mb": {
          "avg": 179.98,
          "max": 184.64,
          "min": 145.13
        }
      }
    },
    "rust": {
      "http": {
        "total_requests": 383760,
        "failed_requests": 0,
        "rps": 1198.8749956478457,
        "latency": {
          "avg": 2.9095949812382313,
          "min": 0.28,
          "max": 231.758,
          "p90": 2.555,
          "p95": 12.806
        }
      },
      "mcp": {
        "total_mcp_requests": 191880,
        "mcp_errors": 0,
        "error_rate": 0
      },