{
  "timestamp": "2026-02-18T04:14:19.762184+00:00",
  "results_dir": "/Users/armanajabkhani/code/benchmarks/benchmark-mcp-servers/benchmark/results/20260218_044502",
  "config": {
    "vus": 10,
    "duration": "5m",
    "cpu_limit": "1.0",
    "memory_limit": "1G"
  },
  "servers": {
    "python": {
      "http": {
        "total_requests": 4650,
        "failed_requests": 0,
        "rps": 14.182671534448273,
        "latency": {
          "avg": 671.3086969892494,
          "min": 1.826,
          "max": 10041.302,
          "p90": 14.3634,
          "p95": 10012.286
        }
      },
      "mcp": {
        "total_mcp_requests": 3100,
        "mcp_errors": 0,
        "error_rate": 0
      },
      "tools": {
        "calculate_fibonacci": {
          "avg": 3.9209387096774186,
          "min": 3.012,
          "max": 8.929,
          "p90": 4.800000000000001,
          "p95": 5.2505500000000005
        },
        "fetch_external_data": {
          "avg": 10013.513064516132,
          "min": 10010.68,
          "max": 10041.302,
          "p90": 10015.114,
          "p95": 10016.6117
        },
        "process_json_data": {
          "avg": 4.190754838709677,
          "min": 2.854,
          "max": 27.92,
          "p90": 4.5388,
          "p95": 5.846049999999998
        },
        "simulate_database_query": {
          "avg": 14.61798709677419,
          "min": 12.865,
          "max": 30.921,
          "p90": 15.5483,
          "p95": 16.16005
        },
        "_initialize": {
          "avg": 3.310568548387098,
          "min": 2.207,
          "max": 27.166,
          "p90": 3.9120000000000004,
          "p95": 4.741549999999998
        },
        "_tools_list": {
          "avg": 4.034625806451614,
          "min": 3.053,
          "max": 21.595,
          "p90": 4.8881000000000006,
          "p95": 6.3642999999999965
        }
      },
      "resources": {
        "cpu": {
          "avg": 5.28,
          "max": 13.79,
          "min": 0.1
        },
        "memory_mb": {
          "avg": 63.38,
          "max": 63.84,
          "min": 52.64
        }
      }
    },
    "go": {
      "http": {
        "total_requests": 3720,
        "failed_requests": 372,
        "rps": 11.235303871432919,
        "latency": {
          "avg": 851.4244301075287,
          "min": 0.403,
          "max": 15008.594,
          "p90": 215.13700000016368,
          "p95": 2657.7561999978543
        }
      },
      "mcp": {
        "total_mcp_requests": 1860,
        "mcp_errors": 186,
        "error_rate": 0.25
      },
      "tools": {
        "calculate_fibonacci": {
          "avg": 0.9128709677419355,
          "min": 0.585,
          "max": 8.449,
          "p90": 1.0045000000000002,
          "p95": 1.4844999999999984
        },
        "fetch_external_data": {
          "avg": 15001.546424731185,
          "min": 15000.122,
          "max": 15008.594,
          "p90": 15002.9045,
          "p95": 15005.49175
        },
        "process_json_data": {
          "avg": 0.8179838709677422,
          "min": 0.603,
          "max": 3.281,
          "p90": 0.9345000000000001,
          "p95": 1.1027500000000001
        },
        "simulate_database_query": {
          "avg": 11.708967741935483,
          "min": 10.883,
          "max": 16.941,
          "p90": 12.208,
          "p95": 12.616
        },
        "_initialize": {
          "avg": 1.079311827956987,
          "min": 0.507,
          "max": 12.309,
          "p90": 1.3888,
          "p95": 1.6719499999999998
        },
        "_tools_list": {
          "avg": 1.0311881720430103,
          "min": 0.688,
          "max": 7.818,
          "p90": 1.169,
          "p95": 1.59475
        }
      },
      "resources": {
        "cpu": {
          "avg": 0.55,
          "max": 2.2,
          "min": 0.0
        },
        "memory_mb": {
          "avg": 13.27,
          "max": 22.03,
          "min": 2.67
        }
      }
    },
    "nodejs": {
      "http": {
        "total_requests": 3150,
        "failed_requests": 210,
        "rps": 9.44965874447376,
        "latency": {
          "avg": 1003.1131228571418,
          "min": 1.293,
          "max": 15003.848,
          "p90": 13.300600000000001,
          "p95": 15000.6532
        }
      },
      "mcp": {
        "total_mcp_requests": 2100,
        "mcp_errors": 210,
        "error_rate": 0.25
      },
      "tools": {
        "calculate_fibonacci": {
          "avg": 2.5755857142857144,
          "min": 1.598,
          "max": 13.544,
          "p90": 3.1852,
          "p95": 4.9754999999999985
        },
        "fetch_external_data": {
          "avg": 15001.014552380942,
          "min": 15000.172,
          "max": 15003.848,
          "p90": 15001.389,
          "p95": 15001.5548
        },
        "process_json_data": {
          "avg": 2.4719714285714303,
          "min": 1.625,
          "max": 5.72,
          "p90": 3.3711,
          "p95": 3.63385
        },
        "simulate_database_query": {
          "avg": 13.467900000000004,
          "min": 11.424,
          "max": 27.281,
          "p90": 14.905999999999999,
          "p95": 15.89265
        },
        "_initialize": {
          "avg": 2.6138404761904765,
          "min": 1.432,
          "max": 9.868,
          "p90": 3.3937,
          "p95": 3.8843499999999995
        },
        "_tools_list": {
          "avg": 3.170433333333333,
          "min": 1.718,
          "max": 69.566,
          "p90": 3.5417000000000014,
          "p95": 4.567749999999999
        }
      },
      "resources": {
        "cpu": {
          "avg": 4.04,
          "max": 23.76,
          "min": 0.02
        },
        "memory_mb": {
          "avg": 66.37,
          "max": 88.56,
          "min": 32.78
        }
      }
    },
    "java": {
      "http": {
        "total_requests": 3905,
        "failed_requests": 235,
        "rps": 11.157111011560286,
        "latency": {
          "avg": 845.8031011523675,
          "min": 0.576,
          "max": 15012.62,
          "p90": 11.819600000000001,
          "p95": 15000.3124
        }
      },
      "mcp": {
        "total_mcp_requests": 1955,
        "mcp_errors": 205,
        "error_rate": 0.2611464968152866
      },
      "tools": {
        "calculate_fibonacci": {
          "avg": 2.0767199999999977,
          "min": 1.047,
          "max": 38.761,
          "p90": 2.5744,
          "p95": 3.256199999999999
        },
        "fetch_external_data": {
          "avg": 15001.027879999998,
          "min": 15000.096,
          "max": 15012.62,
          "p90": 15001.3151,
          "p95": 15001.43065
        },
        "process_json_data": {
          "avg": 386.29035897435904,
          "min": 1.09,
          "max": 15000.962,
          "p90": 2.2584,
          "p95": 2.7601999999999984
        },
        "simulate_database_query": {
          "avg": 12.360736842105256,
          "min": 11.314,
          "max": 22.956,
          "p90": 13.0502,
          "p95": 13.706999999999999
        },
        "_initialize": {
          "avg": 97.34107133757963,
          "min": 0.793,
          "max": 15000.767,
          "p90": 2.491,
          "p95": 2.9828
        },
        "_tools_list": {
          "avg": 1.5263842105263175,
          "min": 0.858,
          "max": 9.367,
          "p90": 2.072,
          "p95": 2.4027
        }
      },
      "resources": {
        "cpu": {
          "avg": 2.16,
          "max": 11.6,
          "min": 0.07
        },
        "memory_mb": {
          "avg": 195.65,
          "max": 229.21,
          "min": 144.22
        }
      }
    },
    "rust": {
      "http": {
        "total_requests": 4220,
        "failed_requests": 211,
        "rps": 12.630659873889805,
        "latency": {
          "avg": 751.835928909954,
          "min": 0.371,
          "max": 15005.061,
          "p90": 12.056099999999999,
          "p95": 796.3433999971987
        }
      },
      "mcp": {
        "total_mcp_requests": 2110,