{
  "timestamp": "2026-02-18T06:38:19.452541+00:00",
  "results_dir": "/Users/armanajabkhani/code/benchmarks/benchmark-mcp-servers/benchmark/results/20260218_071007",
  "config": {
    "vus": 10,
    "duration": "5m",
    "cpu_limit": "1.0",
    "memory_limit": "1G"
  },
  "servers": {
    "python": {
      "http": {
        "total_requests": 82905,
        "failed_requests": 0,
        "rps": 259.02390320256274,
        "latency": {
          "avg": 30.537969036849674,
          "min": 1.862,
          "max": 555.598,
          "p90": 85.616,
          "p95": 95.5974
        }
      },
      "mcp": {
        "total_mcp_requests": 55270,
        "mcp_errors": 0,
        "error_rate": 0
      },
      "tools": {
        "calculate_fibonacci": {
          "avg": 30.093788854713225,
          "min": 3.105,
          "max": 177.166,
          "p90": 81.3946,
          "p95": 86.0094
        },
        "fetch_external_data": {
          "avg": 99.89568843857413,
          "min": 13.489,
          "max": 555.598,
          "p90": 177.8512,
          "p95": 187.45279999999997
        },
        "process_json_data": {
          "avg": 32.310198661118086,
          "min": 3.012,
          "max": 200.966,
          "p90": 83.319,
          "p95": 88.74819999999998
        },
        "simulate_database_query": {
          "avg": 55.86722127736593,
          "min": 12.715,
          "max": 211.018,
          "p90": 95.08919999999999,
          "p95": 99.24759999999999
        },
        "_initialize": {
          "avg": 26.75060141125378,
          "min": 2.254,
          "max": 200.994,
          "p90": 80.5912,
          "p95": 85.39594999999997
        },
        "_tools_list": {
          "avg": 27.79731463723538,
          "min": 2.979,
          "max": 194.309,
          "p90": 81.0566,
          "p95": 86.2161
        }
      },
      "resources": {
        "cpu": {
          "avg": 99.31,
          "max": 106.25,
          "min": 2.74
        },
        "memory_mb": {
          "avg": 260.22,
          "max": 266.31,
          "min": 230.02
        }
      }
    },
    "go": {
      "http": {
        "total_requests": 438980,
        "failed_requests": 0,
        "rps": 1371.6240002854358,
        "latency": {
          "avg": 1.8967890837851,
          "min": 0.249,
          "max": 256.874,
          "p90": 3.889,
          "p95": 10.856
        }
      },
      "mcp": {
        "total_mcp_requests": 219490,
        "mcp_errors": 0,
        "error_rate": 0
      },
      "tools": {
        "calculate_fibonacci": {
          "avg": 1.2298109253268905,
          "min": 0.407,
          "max": 17.003,
          "p90": 1.722,
          "p95": 2.370599999999999
        },
        "fetch_external_data": {
          "avg": 6.46675315504122,
          "min": 1.56,
          "max": 256.874,
          "p90": 9.1964,
          "p95": 12.530599999999986
        },
        "process_json_data": {
          "avg": 1.181634151897589,
          "min": 0.388,
          "max": 19.339,
          "p90": 1.7032000000000005,
          "p95": 2.141199999999998
        },
        "simulate_database_query": {
          "avg": 11.861104742812843,
          "min": 10.507,
          "max": 26.339,
          "p90": 13.106600000000002,
          "p95": 14.615
        },
        "_initialize": {
          "avg": 1.2871509066472375,
          "min": 0.355,
          "max": 47.596,
          "p90": 1.931,
          "p95": 2.681
        },
        "_tools_list": {
          "avg": 1.3991983689461938,
          "min": 0.53,
          "max": 24.438,
          "p90": 2.155,
          "p95": 2.645599999999999
        }
      },
      "resources": {
        "cpu": {
          "avg": 25.62,
          "max": 34.0,
          "min": 0.0
        },
        "memory_mb": {
          "avg": 8.75,
          "max": 9.52,
          "min": 2.29
        }
      }
    },
    "nodejs": {
      "http": {
        "total_requests": 148470,
        "failed_requests": 0,
        "rps": 463.7031147725581,
        "latency": {
          "avg": 13.960469684111203,
          "min": 0.958,
          "max": 149.52,
          "p90": 47.254,
          "p95": 56.556
        }
      },
      "mcp": {
        "total_mcp_requests": 98980,
        "mcp_errors": 0,
        "error_rate": 0
      },
      "tools": {
        "calculate_fibonacci": {
          "avg": 10.41058415841583,
          "min": 1.201,
          "max": 95.174,
          "p90": 19.023900000000012,
          "p95": 50.60684999999998
        },
        "fetch_external_data": {
          "avg": 25.363601232572172,
          "min": 2.343,
          "max": 136.214,
          "p90": 62.19480000000001,
          "p95": 67.72045
        },
        "process_json_data": {
          "avg": 11.002241462921841,
          "min": 1.176,
          "max": 96.85,
          "p90": 38.97740000000002,
          "p95": 50.261399999999995
        },
        "simulate_database_query": {
          "avg": 29.839013336027445,
          "min": 10.484,
          "max": 132.16,
          "p90": 62.397200000000005,
          "p95": 67.55035000000001
        },
        "_initialize": {
          "avg": 12.639920034350387,
          "min": 0.958,
          "max": 136.103,
          "p90": 44.6696,
          "p95": 53.76824999999999
        },
        "_tools_list": {
          "avg": 10.73861002222667,
          "min": 1.308,
          "max": 136.004,
          "p90": 36.472300000000004,
          "p95": 49.8932
        }
      },
      "resources": {
        "cpu": {
          "avg": 98.82,
          "max": 105.44,
          "min": 0.04
        },
        "memory_mb": {
          "avg": 57.08,
          "max": 62.11,
          "min": 38.32
        }
      }
    },
    "java": {
      "http": {
        "total_requests": 437780,
        "failed_requests": 0,
        "rps": 1367.9832168226899,
        "latency": {
          "avg": 1.9275219676550401,
          "min": 0.293,
          "max": 244.681,
          "p90": 3.175,
          "p95": 10.787
        }
      },
      "mcp": {
        "total_mcp_requests": 218890,
        "mcp_errors": 0,
        "error_rate": 0
      },
      "tools": {
        "calculate_fibonacci": {
          "avg": 1.4139618073004676,
          "min": 0.45,
          "max": 85.024,
          "p90": 2.1072000000000006,
          "p95": 2.899
        },
        "fetch_external_data": {
          "avg": 4.312950842889117,
          "min": 1.027,
          "max": 244.681,
          "p90": 5.846,
          "p95": 7.730199999999998
        },
        "process_json_data": {
          "avg": 1.3126332861254575,
          "min": 0.437,
          "max": 54.359,
          "p90": 1.9232000000000005,
          "p95": 2.516599999999999
        },
        "simulate_database_query": {
          "avg": 11.603717483667614,
          "min": 10.545,
          "max": 64.61,
          "p90": 12.501,
          "p95": 13.663599999999999
        },
        "_initialize": {
          "avg": 1.5508221709534644,
          "min": 0.449,
          "max": 55.627,
          "p90": 2.434,
          "p95": 3.224249999999996
        },
        "_tools_list": {
          "avg": 1.1383763534195208,
          "min": 0.434,
          "max": 59.074,
          "p90": 1.609,
          "p95": 2.085
        }
      },
      "resources": {
        "cpu": {
          "avg": 32.93,
          "max": 101.91,
          "min": 0.58
        },
        "memory_mb": {
          "avg": 179.96,
          "max": 184.63,
          "min": 146.27
        }
      }
    },
    "rust": {
      "http": {
        "total_requests": 384580,
        "failed_requests": 0,
        "rps": 1201.7106437569043,
        "latency": {
          "avg": 2.8950577227105,
          "min": 0.295,
          "max": 225.865,
          "p90": 2.891,
          "p95": 13.011049999999981
        }
      },
      "mcp": {
        "total_mcp_requests": 192290,
        "mcp_errors": 0,
        "error_rate": 0
      },