{
  "timestamp": "2026-02-17T18:04:34.513903+00:00",
  "results_dir": "/Users/armanajabkhani/code/benchmarks/benchmark-mcp-servers/benchmark/results/20260217_183642",
  "config": {
    "vus": 50,
    "duration": "5m",
    "cpu_limit": "1.0",
    "memory_limit": "1G"
  },
  "servers": {
    "python": {
      "http": {
        "total_requests": 86160,
        "failed_requests": 0,
        "rps": 269.1289281465338,
        "latency": {
          "avg": 29.166954886258164,
          "min": 1.941,
          "max": 875.83,
          "p90": 54.2781,
          "p95": 79.62809999999999
        }
      },
      "mcp": {
        "total_mcp_requests": 57440,
        "mcp_errors": 0,
        "error_rate": 0
      },
      "tools": {
        "calculate_fibonacci": {
          "avg": 30.41742844707514,
          "min": 3.051,
          "max": 88.311,
          "p90": 47.193200000000004,
          "p95": 54.744
        },
        "fetch_external_data": {
          "avg": 98.4939984331476,
          "min": 15.494,
          "max": 875.83,
          "p90": 127.3776,
          "p95": 137.5528
        },
        "process_json_data": {
          "avg": 34.58215738161554,
          "min": 3.136,
          "max": 111.889,
          "p90": 51.53490000000001,
          "p95": 60.44459999999998
        },
        "simulate_database_query": {
          "avg": 43.8950785167131,
          "min": 12.809,
          "max": 112.288,
          "p90": 60.4745,
          "p95": 67.48870000000001
        },
        "_initialize": {
          "avg": 27.988420743384385,
          "min": 2.334,
          "max": 95.715,
          "p90": 45.8885,
          "p95": 55.17425
        },
        "_tools_list": {
          "avg": 27.817303621169984,
          "min": 2.891,
          "max": 92.236,
          "p90": 42.769600000000004,
          "p95": 47.738599999999984
        }
      },
      "resources": {
        "cpu": {
          "avg": 94.36,
          "max": 102.55,
          "min": 0.46
        },
        "memory_mb": {
          "avg": 65.74,
          "max": 67.29,
          "min": 52.62
        }
      }
    },
    "go": {
      "http": {
        "total_requests": 423660,
        "failed_requests": 0,
        "rps": 1323.3033854236742,
        "latency": {
          "avg": 2.19131691686731,
          "min": 0.25,
          "max": 489.604,
          "p90": 5.045,
          "p95": 11.133
        }
      },
      "mcp": {
        "total_mcp_requests": 211830,
        "mcp_errors": 0,
        "error_rate": 0
      },
      "tools": {
        "calculate_fibonacci": {
          "avg": 1.1941484681112187,
          "min": 0.36,
          "max": 34.916,
          "p90": 2.162,
          "p95": 3.066
        },
        "fetch_external_data": {
          "avg": 9.675387197280791,
          "min": 2.329,
          "max": 489.604,
          "p90": 14.973200000000004,
          "p95": 21.600499999999986
        },
        "process_json_data": {
          "avg": 1.4720705282537838,
          "min": 0.369,
          "max": 26.598,
          "p90": 2.747,
          "p95": 3.6877999999999984
        },
        "simulate_database_query": {
          "avg": 12.153137421517183,
          "min": 10.421,
          "max": 70.931,
          "p90": 13.8298,
          "p95": 15.195599999999995
        },
        "_initialize": {
          "avg": 1.3664431855733183,
          "min": 0.336,
          "max": 35.702,
          "p90": 2.56,
          "p95": 3.5724499999999964
        },
        "_tools_list": {
          "avg": 1.5074147665580975,
          "min": 0.52,
          "max": 48.836,
          "p90": 2.7118000000000007,
          "p95": 3.678
        }
      },
      "resources": {
        "cpu": {
          "avg": 28.59,
          "max": 41.04,
          "min": 0.0
        },
        "memory_mb": {
          "avg": 8.21,
          "max": 8.89,
          "min": 2.12
        }
      }
    },
    "nodejs": {
      "http": {
        "total_requests": 140400,
        "failed_requests": 0,
        "rps": 438.68504993657535,
        "latency": {
          "avg": 15.160247834757573,
          "min": 0.96,
          "max": 235.851,
          "p90": 43.734100000000005,
          "p95": 54.02609999999999
        }
      },
      "mcp": {
        "total_mcp_requests": 93600,
        "mcp_errors": 0,
        "error_rate": 0
      },
      "tools": {
        "calculate_fibonacci": {
          "avg": 11.278443482905999,
          "min": 1.15,
          "max": 84.324,
          "p90": 28.70370000000001,
          "p95": 48.00759999999999
        },
        "fetch_external_data": {
          "avg": 31.68414038461526,
          "min": 4.371,
          "max": 235.851,
          "p90": 63.7002,
          "p95": 69.7531
        },
        "process_json_data": {
          "avg": 11.740498183760675,
          "min": 1.215,
          "max": 89.764,
          "p90": 32.4988,
          "p95": 46.370149999999995
        },
        "simulate_database_query": {
          "avg": 29.495295726495545,
          "min": 10.783,
          "max": 96.316,
          "p90": 59.8778,
          "p95": 65.84815
        },
        "_initialize": {
          "avg": 13.610092708333362,
          "min": 0.96,
          "max": 128.333,
          "p90": 40.08780000000001,
          "p95": 50.25225
        },
        "_tools_list": {
          "avg": 11.892556196581202,
          "min": 1.317,
          "max": 85.634,
          "p90": 34.106300000000005,
          "p95": 48.650349999999996
        }
      },
      "resources": {
        "cpu": {
          "avg": 100.3,
          "max": 107.49,
          "min": 27.8
        },
        "memory_mb": {
          "avg": 57.23,
          "max": 60.2,
          "min": 43.05
        }
      }
    },
    "java": {
      "http": {
        "total_requests": 375840,
        "failed_requests": 0,
        "rps": 1173.989193633134,
        "latency": {
          "avg": 3.0532536025968358,
          "min": 0.325,
          "max": 340.872,
          "p90": 6.73,
          "p95": 11.377
        }
      },
      "mcp": {
        "total_mcp_requests": 187920,
        "mcp_errors": 0,
        "error_rate": 0
      },
      "tools": {
        "calculate_fibonacci": {
          "avg": 2.203916134525323,
          "min": 0.442,
          "max": 44.014,
          "p90": 4.431900000000001,
          "p95": 5.658799999999997
        },
        "fetch_external_data": {
          "avg": 8.858019636015348,
          "min": 2.567,
          "max": 340.872,
          "p90": 13.142900000000001,
          "p95": 17.545249999999978
        },
        "process_json_data": {
          "avg": 2.37267236057896,
          "min": 0.482,
          "max": 53.07,
          "p90": 4.5589,
          "p95": 5.715
        },
        "simulate_database_query": {
          "avg": 12.72040192635168,
          "min": 10.564,
          "max": 50.599,
          "p90": 14.9968,
          "p95": 16.163899999999998
        },
        "_initialize": {
          "avg": 2.4376327293529227,
          "min": 0.413,
          "max": 59.793,
          "p90": 4.821,
          "p95": 6.031649999999996
        },
        "_tools_list": {
          "avg": 2.099681353767551,
          "min": 0.432,
          "max": 41.303,
          "p90": 4.0989,
          "p95": 5.301
        }
      },
      "resources": {
        "cpu": {
          "avg": 33.13,
          "max": 101.55,
          "min": 0.27
        },
        "memory_mb": {
          "avg": 189.2,
          "max": 194.0,
          "min": 156.17
        }
      }
    },
    "rust": {
      "http": {
        "total_requests": 335360,
        "failed_requests": 0,
        "rps": 1047.5844527109223,
        "latency": {
          "avg": 4.068843726144894,
          "min": 0.291,
          "max": 212.041,
          "p90": 6.902,
          "p95": 40.861
        }
      },
      "mcp": {
        "total_mcp_requests": 167680,
        "mcp_errors": 0,
        "error_rate": 0
      },