{
  "timestamp": "2026-02-19T07:09:10.961546+00:00",
  "results_dir": "/Users/armanajabkhani/code/benchmarks/benchmark-mcp-servers/benchmark/results/20260219_075205",
  "config": {
    "vus": 10,
    "duration": "5m",
    "cpu_limit": "1.0",
    "memory_limit": "1G"
  },
  "servers": {
    "go": {
      "http": {
        "total_requests": 453313,
        "failed_requests": 1650,
        "rps": 1416.3864665589012,
        "latency": {
          "avg": 1.7242395607450443,
          "min": 0,
          "max": 1052.535,
          "p90": 2.748,
          "p95": 10.770399999999979
        }
      },
      "mcp": {
        "total_mcp_requests": 226930,
        "mcp_errors": 440,
        "error_rate": 0.004847309743092583
      },
      "tools": {
        "calculate_fibonacci": {
          "avg": 1.112240514696163,
          "min": 0,
          "max": 20.858,
          "p90": 1.6518000000000004,
          "p95": 2.182399999999999
        },
        "fetch_external_data": {
          "avg": 4.97985850262193,
          "min": 0,
          "max": 1052.535,
          "p90": 7.539,
          "p95": 10.642599999999996
        },
        "process_json_data": {
          "avg": 1.1492750627946993,
          "min": 0,
          "max": 43.224,
          "p90": 1.7048000000000005,
          "p95": 2.219399999999999
        },
        "simulate_database_query": {
          "avg": 11.526368527739846,
          "min": 0,
          "max": 61.832,
          "p90": 12.333,
          "p95": 13.018799999999999
        },
        "_initialize": {
          "avg": 1.1466004274445847,
          "min": 0,
          "max": 36.36,
          "p90": 1.745,
          "p95": 2.3764499999999957
        },
        "_tools_list": {
          "avg": 1.34976512580972,
          "min": 0,
          "max": 43.171,
          "p90": 2.0998000000000006,
          "p95": 2.657
        }
      },
      "resources": {
        "cpu": {
          "avg": 25.67,
          "max": 40.01,
          "min": 2.06
        },
        "memory_mb": {
          "avg": 8.43,
          "max": 9.42,
          "min": 4.14
        }
      }
    },
    "java": {
      "http": {
        "total_requests": 452220,
        "failed_requests": 0,
        "rps": 1412.9997653186804,
        "latency": {
          "avg": 1.7412666710893363,
          "min": 0.327,
          "max": 181.187,
          "p90": 2.584,
          "p95": 10.772
        }
      },
      "mcp": {
        "total_mcp_requests": 226110,
        "mcp_errors": 0,
        "error_rate": 0
      },
      "tools": {
        "calculate_fibonacci": {
          "avg": 1.1562954756534463,
          "min": 0.488,
          "max": 82.924,
          "p90": 1.75,
          "p95": 2.294
        },
        "fetch_external_data": {
          "avg": 3.745269735969242,
          "min": 0.876,
          "max": 181.187,
          "p90": 4.96,
          "p95": 7.655499999999995
        },
        "process_json_data": {
          "avg": 1.1941604086506532,
          "min": 0.428,
          "max": 47.54,
          "p90": 1.79,
          "p95": 2.2714999999999987
        },
        "simulate_database_query": {
          "avg": 11.398171067179653,
          "min": 10.543,
          "max": 70.493,
          "p90": 11.962,
          "p95": 12.5475
        },
        "_initialize": {
          "avg": 1.2986070828357759,
          "min": 0.419,
          "max": 52.298,
          "p90": 1.993,
          "p95": 2.553
        },
        "_tools_list": {
          "avg": 1.03512246251825,
          "min": 0.448,
          "max": 60.912,
          "p90": 1.469,
          "p95": 1.905
        }
      },
      "resources": {
        "cpu": {
          "avg": 35.14,
          "max": 101.8,
          "min": 0.55
        },
        "memory_mb": {
          "avg": 181.52,
          "max": 184.97,
          "min": 155.93
        }
      }
    },
    "rust": {
      "http": {
        "total_requests": 379180,
        "failed_requests": 0,
        "rps": 1184.4003929280634,
        "latency": {
          "avg": 3.025189830687303,
          "min": 0.302,
          "max": 452.388,
          "p90": 2.93,
          "p95": 12.638
        }
      },
      "mcp": {
        "total_mcp_requests": 189590,
        "mcp_errors": 0,
        "error_rate": 0
      },
      "tools": {
        "calculate_fibonacci": {
          "avg": 4.174844823039184,
          "min": 0.372,
          "max": 81.348,
          "p90": 2.3332000000000006,
          "p95": 41.255
        },
        "fetch_external_data": {
          "avg": 8.975348225117335,
          "min": 0.93,
          "max": 452.388,
          "p90": 41.2452,
          "p95": 41.8092
        },
        "process_json_data": {
          "avg": 17.496181760641395,
          "min": 0.411,
          "max": 79.537,
          "p90": 41.957,
          "p95": 42.4492
        },
        "simulate_database_query": {
          "avg": 17.727577034653663,
          "min": 10.55,
          "max": 56.58,
          "p90": 41.4202,
          "p95": 41.9212
        },
        "_initialize": {
          "avg": 0.8425202674191606,
          "min": 0.392,
          "max": 25.879,
          "p90": 1.086,
          "p95": 1.458
        },
        "_tools_list": {
          "avg": 0.7675934912178923,
          "min": 0.375,
          "max": 18.02,
          "p90": 0.981,
          "p95": 1.323
        }
      },
      "resources": {
        "cpu": {
          "avg": 14.52,
          "max": 17.97,
          "min": 0.0
        },
        "memory_mb": {
          "avg": 3.6,
          "max": 3.79,
          "min": 1.53
        }
      }
    }
  },
  "rankings": {
    "latency_avg": [
      "go",
      "java",
      "rust"
    ],
    "latency_p95": [
      "go",
      "java",
      "rust"
    ],
    "rps": [
      "go",
      "java",
      "rust"
    ],
    "cpu_efficiency": [
      "rust",
      "go",
      "java"
    ],
    "memory_efficiency": [
      "rust",
      "go",
      "java"
    ]
  }
}